date,Ticker,Cumulative Return
2023-10-03 05:30:00,BAJAJ-AUTO,
2023-10-04 05:30:00,BAJAJ-AUTO,0.9804941741669907
2023-10-05 05:30:00,BAJAJ-AUTO,0.9989235415483061
2023-10-06 05:30:00,BAJAJ-AUTO,0.999631213308216
2023-10-09 05:30:00,BAJAJ-AUTO,0.998176000956852
2023-10-10 05:30:00,BAJAJ-AUTO,1.004196194520029
2023-10-11 05:30:00,BAJAJ-AUTO,1.0095585523627266
2023-10-12 05:30:00,BAJAJ-AUTO,1.017970875818557
2023-10-13 05:30:00,BAJAJ-AUTO,1.0071664224700734
2023-10-16 05:30:00,BAJAJ-AUTO,1.0120104855026961
2023-10-17 05:30:00,BAJAJ-AUTO,1.024878150883593
2023-10-18 05:30:00,BAJAJ-AUTO,1.0241007086684806
2023-10-19 05:30:00,BAJAJ-AUTO,1.0929242791216895
2023-10-20 05:30:00,BAJAJ-AUTO,1.0942598849784209
2023-10-23 05:30:00,BAJAJ-AUTO,1.0775349101456206
2023-10-25 05:30:00,BAJAJ-AUTO,1.0659530145820248
2023-10-26 05:30:00,BAJAJ-AUTO,1.0484206959104543
2023-10-27 05:30:00,BAJAJ-AUTO,1.0711857987222035
2023-10-30 05:30:00,BAJAJ-AUTO,1.0582981989255345
2023-10-31 05:30:00,BAJAJ-AUTO,1.0593248213377982
2023-11-01 05:30:00,BAJAJ-AUTO,1.0653649493167474
2023-11-02 05:30:00,BAJAJ-AUTO,1.0601919684238847
2023-11-03 05:30:00,BAJAJ-AUTO,1.0702688155966862
2023-11-06 05:30:00,BAJAJ-AUTO,1.077823959174316
2023-11-07 05:30:00,BAJAJ-AUTO,1.0802459906906272
2023-11-08 05:30:00,BAJAJ-AUTO,1.0759800257153957
2023-11-09 05:30:00,BAJAJ-AUTO,1.080226056274855
2023-11-10 05:30:00,BAJAJ-AUTO,1.0748736656400435
2023-11-12 05:30:00,BAJAJ-AUTO,1.084940545604959
2023-11-13 05:30:00,BAJAJ-AUTO,1.081481924468498
2023-11-15 05:30:00,BAJAJ-AUTO,1.1037087980544003
2023-11-16 05:30:00,BAJAJ-AUTO,1.1065394850940398
2023-11-17 05:30:00,BAJAJ-AUTO,1.1226066242063601
2023-11-20 05:30:00,BAJAJ-AUTO,1.1263243927478586
2023-11-21 05:30:00,BAJAJ-AUTO,1.133460913594274
2023-11-22 05:30:00,BAJAJ-AUTO,1.1465378903407781
2023-11-23 05:30:00,BAJAJ-AUTO,1.1811639705369326
2023-11-24 05:30:00,BAJAJ-AUTO,1.182170658533424
2023-11-28 05:30:00,BAJAJ-AUTO,1.1956961596348004
2023-11-29 05:30:00,BAJAJ-AUTO,1.2100090701591752
2023-11-30 05:30:00,BAJAJ-AUTO,1.2141155598082298
2024-01-01 05:30:00,BAJAJ-AUTO,1.3358251353048458
2024-01-02 05:30:00,BAJAJ-AUTO,1.3286387784190004
2024-01-03 05:30:00,BAJAJ-AUTO,1.392717957918447
2024-01-04 05:30:00,BAJAJ-AUTO,1.3798901613690944
2024-01-05 05:30:00,BAJAJ-AUTO,1.3911232046566782
2024-01-08 05:30:00,BAJAJ-AUTO,1.392189695900486
2024-01-09 05:30:00,BAJAJ-AUTO,1.4141275204576924
2024-01-10 05:30:00,BAJAJ-AUTO,1.4061238525251905
2024-01-11 05:30:00,BAJAJ-AUTO,1.4549831055826314
2024-01-12 05:30:00,BAJAJ-AUTO,1.455601072471567
2024-01-15 05:30:00,BAJAJ-AUTO,1.461611298826858
2024-01-16 05:30:00,BAJAJ-AUTO,1.454006319209798
2024-01-17 05:30:00,BAJAJ-AUTO,1.4284902670214976
2024-01-18 05:30:00,BAJAJ-AUTO,1.4120742756331655
2024-01-19 05:30:00,BAJAJ-AUTO,1.4226295487844975
2024-01-20 05:30:00,BAJAJ-AUTO,1.414376700654844
2024-01-23 05:30:00,BAJAJ-AUTO,1.4145262087731347
2024-01-24 05:30:00,BAJAJ-AUTO,1.437839508018617
2024-01-25 05:30:00,BAJAJ-AUTO,1.514517238286037
2024-01-29 05:30:00,BAJAJ-AUTO,1.5048091778050197
2024-01-30 05:30:00,BAJAJ-AUTO,1.5083176349809109
2024-01-31 05:30:00,BAJAJ-AUTO,1.5284812965344001
2024-02-01 05:30:00,BAJAJ-AUTO,1.5261290354732913
2024-02-02 05:30:00,BAJAJ-AUTO,1.5425649612773957
2024-02-05 05:30:00,BAJAJ-AUTO,1.526627395867594
2024-02-06 05:30:00,BAJAJ-AUTO,1.5390166352699601
2024-02-07 05:30:00,BAJAJ-AUTO,1.5353287683521197
2024-02-08 05:30:00,BAJAJ-AUTO,1.5463624674819825
2024-02-09 05:30:00,BAJAJ-AUTO,1.5518643662350848
2024-02-12 05:30:00,BAJAJ-AUTO,1.5608547877483063
2024-02-13 05:30:00,BAJAJ-AUTO,1.5782874343410163
2024-02-14 05:30:00,BAJAJ-AUTO,1.6113586301069462
2024-02-15 05:30:00,BAJAJ-AUTO,1.6192825603763599
2024-02-16 05:30:00,BAJAJ-AUTO,1.6595500802360212
2024-02-19 05:30:00,BAJAJ-AUTO,1.6963589789592222
2024-02-20 05:30:00,BAJAJ-AUTO,1.6535996571280467
2024-02-21 05:30:00,BAJAJ-AUTO,1.6410509423995034
2024-02-22 05:30:00,BAJAJ-AUTO,1.6941163571848596
2024-02-23 05:30:00,BAJAJ-AUTO,1.6818566914850122
2024-02-26 05:30:00,BAJAJ-AUTO,1.68405944442783
2024-02-27 05:30:00,BAJAJ-AUTO,1.6871492788725073
2024-02-28 05:30:00,BAJAJ-AUTO,1.6323595371228636
2024-02-29 05:30:00,BAJAJ-AUTO,1.5766827138713613
2024-03-01 05:30:00,BAJAJ-AUTO,1.6027369952855084
2024-03-02 05:30:00,BAJAJ-AUTO,1.6029861754826598
2024-03-04 05:30:00,BAJAJ-AUTO,1.6360773056643616
2024-03-05 05:30:00,BAJAJ-AUTO,1.6648725692471742
2024-03-06 05:30:00,BAJAJ-AUTO,1.7155159525162187
2024-03-07 05:30:00,BAJAJ-AUTO,1.7699867436135086
2024-03-11 05:30:00,BAJAJ-AUTO,1.7262007993700696
2024-03-12 05:30:00,BAJAJ-AUTO,1.6999471737982015
2024-03-13 05:30:00,BAJAJ-AUTO,1.6714808280756286
2024-03-14 05:30:00,BAJAJ-AUTO,1.671211713462705
2024-03-15 05:30:00,BAJAJ-AUTO,1.6646632578815672
2024-03-18 05:30:00,BAJAJ-AUTO,1.6987710432676468
2024-03-19 05:30:00,BAJAJ-AUTO,1.7223733915418251
2024-03-20 05:30:00,BAJAJ-AUTO,1.721456408416308
2024-03-21 05:30:00,BAJAJ-AUTO,1.7443809865542341
2024-03-22 05:30:00,BAJAJ-AUTO,1.7831833268546458
2024-03-26 05:30:00,BAJAJ-AUTO,1.7862332924677786
2024-03-27 05:30:00,BAJAJ-AUTO,1.8264908451195545
2024-03-28 05:30:00,BAJAJ-AUTO,1.8236302564562568
2024-04-01 05:30:00,BAJAJ-AUTO,1.8024997757378205
2024-04-02 05:30:00,BAJAJ-AUTO,1.8491363414366713
2024-04-03 05:30:00,BAJAJ-AUTO,1.8101346569785386
2024-04-04 05:30:00,BAJAJ-AUTO,1.8232315681408142
2024-04-05 05:30:00,BAJAJ-AUTO,1.7959911889882263
2024-04-08 05:30:00,BAJAJ-AUTO,1.8001774163003692
2024-04-09 05:30:00,BAJAJ-AUTO,1.7898912577619606
2024-04-10 05:30:00,BAJAJ-AUTO,1.7952037795652276
2024-04-12 05:30:00,BAJAJ-AUTO,1.8070248881180888
2024-04-15 05:30:00,BAJAJ-AUTO,1.7935093542245981
2024-04-16 05:30:00,BAJAJ-AUTO,1.7779804443381246
2024-04-18 05:30:00,BAJAJ-AUTO,1.7983434500493347
2024-04-19 05:30:00,BAJAJ-AUTO,1.755125636655401
2024-04-22 05:30:00,BAJAJ-AUTO,1.7533813752753413
2024-04-23 05:30:00,BAJAJ-AUTO,1.7533913424832275
2024-04-24 05:30:00,BAJAJ-AUTO,1.7337160741161555
2024-04-25 05:30:00,BAJAJ-AUTO,1.7412512832780127
2024-04-26 05:30:00,BAJAJ-AUTO,1.7889742746364434
2024-04-29 05:30:00,BAJAJ-AUTO,1.7462747560525844
2024-04-30 05:30:00,BAJAJ-AUTO,1.7748906098934478
2024-05-02 05:30:00,BAJAJ-AUTO,1.8161548505417149
2024-05-03 05:30:00,BAJAJ-AUTO,1.8151481625452235
2024-05-06 05:30:00,BAJAJ-AUTO,1.804572954978119
2024-05-07 05:30:00,BAJAJ-AUTO,1.72988866628791
2024-05-08 05:30:00,BAJAJ-AUTO,1.7441417735649685
2024-05-09 05:30:00,BAJAJ-AUTO,1.7635678617348896
2024-05-10 05:30:00,BAJAJ-AUTO,1.7904693558193514
2024-05-13 05:30:00,BAJAJ-AUTO,1.792562469475423
2024-05-14 05:30:00,BAJAJ-AUTO,1.807104625781177
2024-05-15 05:30:00,BAJAJ-AUTO,1.774790937814587
2024-05-16 05:30:00,BAJAJ-AUTO,1.7685514656779167
2024-05-17 05:30:00,BAJAJ-AUTO,1.7503812457016386
2024-05-18 05:30:00,BAJAJ-AUTO,1.7569895045300927
2024-05-21 05:30:00,BAJAJ-AUTO,1.7583550120104825
2024-05-22 05:30:00,BAJAJ-AUTO,1.7553349480210074
2024-05-23 05:30:00,BAJAJ-AUTO,1.786811390525169
2024-05-24 05:30:00,BAJAJ-AUTO,1.7837713921199223
2024-05-27 05:30:00,BAJAJ-AUTO,1.7938382720848376
2024-05-28 05:30:00,BAJAJ-AUTO,1.7920541418732336
2024-05-29 05:30:00,BAJAJ-AUTO,1.808091379361896
2024-05-30 05:30:00,BAJAJ-AUTO,1.7878180785216602
2024-05-31 05:30:00,BAJAJ-AUTO,1.8109918368567377
2024-06-03 05:30:00,BAJAJ-AUTO,1.8609674171974169
2024-06-04 05:30:00,BAJAJ-AUTO,1.8432855904075554
2024-06-05 05:30:00,BAJAJ-AUTO,1.9141524384774056
2024-06-06 05:30:00,BAJAJ-AUTO,1.9339273789233384
2024-06-07 05:30:00,BAJAJ-AUTO,1.9387315731244164
2024-06-10 05:30:00,BAJAJ-AUTO,1.9402266543073248
2024-06-11 05:30:00,BAJAJ-AUTO,1.9561044164698105
2024-06-12 05:30:00,BAJAJ-AUTO,1.974354374109177
2024-06-13 05:30:00,BAJAJ-AUTO,1.978171814729536
2024-06-14 05:30:00,BAJAJ-AUTO,1.98581666317814
2024-06-18 05:30:00,BAJAJ-AUTO,1.9771352251093863
2024-06-19 05:30:00,BAJAJ-AUTO,1.930807642855003
2024-06-20 05:30:00,BAJAJ-AUTO,1.920082927169608
2024-06-21 05:30:00,BAJAJ-AUTO,1.9141524384774056
2024-06-24 05:30:00,BAJAJ-AUTO,1.9426586530315224
2024-06-25 05:30:00,BAJAJ-AUTO,1.9256545963779128
2024-06-26 05:30:00,BAJAJ-AUTO,1.8887161239521932
2024-06-27 05:30:00,BAJAJ-AUTO,1.8773136381305466
2024-06-28 05:30:00,BAJAJ-AUTO,1.8940984162106629
2024-07-01 05:30:00,BAJAJ-AUTO,1.9002282490605866
2024-07-02 05:30:00,BAJAJ-AUTO,1.8740842627754648
2024-07-03 05:30:00,BAJAJ-AUTO,1.878300391711266
2024-07-04 05:30:00,BAJAJ-AUTO,1.8859651745756423
2024-07-05 05:30:00,BAJAJ-AUTO,1.920840434968948
2024-07-08 05:30:00,BAJAJ-AUTO,1.8996302165874235
2024-07-09 05:30:00,BAJAJ-AUTO,1.900567134128713
2024-07-10 05:30:00,BAJAJ-AUTO,1.9022316578456842
2024-07-11 05:30:00,BAJAJ-AUTO,1.8871512723140829
2024-07-12 05:30:00,BAJAJ-AUTO,1.8799649154282374
2024-07-15 05:30:00,BAJAJ-AUTO,1.9283258080913754
2024-07-16 05:30:00,BAJAJ-AUTO,1.9372962951888246
2024-07-18 05:30:00,BAJAJ-AUTO,1.9189267310548257
2024-07-19 05:30:00,BAJAJ-AUTO,1.8710542315781038
2024-07-22 05:30:00,BAJAJ-AUTO,1.875768720908208
2024-07-23 05:30:00,BAJAJ-AUTO,1.8703465598181939
2024-07-24 05:30:00,BAJAJ-AUTO,1.8459667693289037
2024-07-25 05:30:00,BAJAJ-AUTO,1.8495649313757694
2024-07-26 05:30:00,BAJAJ-AUTO,1.8923541548306027
2024-07-29 05:30:00,BAJAJ-AUTO,1.9052616890430438
2024-07-30 05:30:00,BAJAJ-AUTO,1.9065972948997751
2024-07-31 05:30:00,BAJAJ-AUTO,1.9265018090482269
2024-08-01 05:30:00,BAJAJ-AUTO,1.9397183267051354
2024-08-02 05:30:00,BAJAJ-AUTO,1.9169332894776143
2024-08-05 05:30:00,BAJAJ-AUTO,1.890789303192492
2024-08-06 05:30:00,BAJAJ-AUTO,1.8792971124998707
2024-08-07 05:30:00,BAJAJ-AUTO,1.9352729519879552
2024-08-08 05:30:00,BAJAJ-AUTO,1.9219368278364135
2024-08-09 05:30:00,BAJAJ-AUTO,1.9467850770963488
2024-08-12 05:30:00,BAJAJ-AUTO,1.9358012140059164
2024-08-13 05:30:00,BAJAJ-AUTO,1.9279769558153634
2024-08-14 05:30:00,BAJAJ-AUTO,1.9435258001176092
2024-08-16 05:30:00,BAJAJ-AUTO,1.971144933169867
2024-08-19 05:30:00,BAJAJ-AUTO,1.947721994637638
2024-08-20 05:30:00,BAJAJ-AUTO,1.949526059265014
2024-08-21 05:30:00,BAJAJ-AUTO,1.9639386418682494
2024-08-22 05:30:00,BAJAJ-AUTO,1.976337848478502
2024-08-23 05:30:00,BAJAJ-AUTO,2.0744650101167124
2024-08-26 05:30:00,BAJAJ-AUTO,2.079667892633233
2024-08-27 05:30:00,BAJAJ-AUTO,2.093432606723875
2024-08-28 05:30:00,BAJAJ-AUTO,2.1243608527943034
2024-08-29 05:30:00,BAJAJ-AUTO,2.154481755025961
2024-08-30 05:30:00,BAJAJ-AUTO,2.171166861027217
2024-09-02 05:30:00,BAJAJ-AUTO,2.2179230332207007
2024-09-03 05:30:00,BAJAJ-AUTO,2.2014871074165963
2024-09-04 05:30:00,BAJAJ-AUTO,2.185549542006795
2024-09-05 05:30:00,BAJAJ-AUTO,2.1640303401808025
2024-09-06 05:30:00,BAJAJ-AUTO,2.1589171625352566
2024-09-09 05:30:00,BAJAJ-AUTO,2.1624056852953757
2024-09-10 05:30:00,BAJAJ-AUTO,2.190343768999987
2024-09-11 05:30:00,BAJAJ-AUTO,2.2766597892932228
2024-09-12 05:30:00,BAJAJ-AUTO,2.337011233043285
2024-09-13 05:30:00,BAJAJ-AUTO,2.339732280796178
2024-09-16 05:30:00,BAJAJ-AUTO,2.330004285899389
2024-09-17 05:30:00,BAJAJ-AUTO,2.3822224880144303
2024-09-18 05:30:00,BAJAJ-AUTO,2.3452142451335085
2024-09-19 05:30:00,BAJAJ-AUTO,2.3658164638339843
2024-09-20 05:30:00,BAJAJ-AUTO,2.380508128258029
2024-09-23 05:30:00,BAJAJ-AUTO,2.4596975949127353
2024-09-24 05:30:00,BAJAJ-AUTO,2.480568928226134
2024-09-25 05:30:00,BAJAJ-AUTO,2.4713193593078753
2024-09-26 05:30:00,BAJAJ-AUTO,2.5160521883004896
2024-09-27 05:30:00,BAJAJ-AUTO,2.5249728393585085
2024-09-30 05:30:00,BAJAJ-AUTO,2.461093004016783
2024-10-01 05:30:00,BAJAJ-AUTO,2.423516630286356
2024-10-03 05:30:00,BAJAJ-AUTO,2.353546830926251
2024-10-04 05:30:00,BAJAJ-AUTO,2.3471578506712896
2024-10-07 05:30:00,BAJAJ-AUTO,2.3157910474538745
2024-10-08 05:30:00,BAJAJ-AUTO,2.3700226255618992
2024-10-09 05:30:00,BAJAJ-AUTO,2.3558691903637015
2024-10-10 05:30:00,BAJAJ-AUTO,2.3586400741560247
2024-10-11 05:30:00,BAJAJ-AUTO,2.367600594045588
2024-10-14 05:30:00,BAJAJ-AUTO,2.3720559359706543
2024-10-15 05:30:00,BAJAJ-AUTO,2.296743713183624
2024-10-16 05:30:00,BAJAJ-AUTO,2.315771113038103
2024-10-17 05:30:00,BAJAJ-AUTO,2.0172532368507596
2024-10-18 05:30:00,BAJAJ-AUTO,2.006189636097239
2024-10-21 05:30:00,BAJAJ-AUTO,2.093213328150384
2024-10-22 05:30:00,BAJAJ-AUTO,2.066869997707541
2024-10-23 05:30:00,BAJAJ-AUTO,2.1104067617538287
2024-10-24 05:30:00,BAJAJ-AUTO,2.053743184921607
2024-10-25 05:30:00,BAJAJ-AUTO,2.034526408117293
2024-10-28 05:30:00,BAJAJ-AUTO,1.995684198985337
2024-10-29 05:30:00,BAJAJ-AUTO,1.963709396086873
2024-10-30 05:30:00,BAJAJ-AUTO,1.9816105014502274
2024-10-31 05:30:00,BAJAJ-AUTO,1.9608089385920309
2024-11-01 05:30:00,BAJAJ-AUTO,1.9687129344456724
2024-11-04 05:30:00,BAJAJ-AUTO,1.8988627415801995
2024-11-05 05:30:00,BAJAJ-AUTO,1.968493655872179
2024-11-06 05:30:00,BAJAJ-AUTO,1.9975281324442566
2024-11-07 05:30:00,BAJAJ-AUTO,1.9648655922016547
2024-11-08 05:30:00,BAJAJ-AUTO,1.9755803406791637
2024-11-11 05:30:00,BAJAJ-AUTO,1.9773644708907676
2024-11-12 05:30:00,BAJAJ-AUTO,1.9293922993351855
2024-11-13 05:30:00,BAJAJ-AUTO,1.8842308804034706
2024-11-14 05:30:00,BAJAJ-AUTO,1.8903706804612805
2024-11-18 05:30:00,BAJAJ-AUTO,1.8970586769528233
2024-11-19 05:30:00,BAJAJ-AUTO,1.9028795263582794
2024-11-21 05:30:00,BAJAJ-AUTO,1.8947662191390306
2024-11-22 05:30:00,BAJAJ-AUTO,1.890111533056243
2023-10-03 05:30:00,BEL,
2023-10-04 05:30:00,BEL,0.9974856321839081
2023-10-05 05:30:00,BEL,0.9982040229885057
2023-10-06 05:30:00,BEL,0.9985632183908048
2023-10-09 05:30:00,BEL,0.9752155172413794
2023-10-10 05:30:00,BEL,1.0053879310344829
2023-10-11 05:30:00,BEL,0.9895833333333335
2023-10-12 05:30:00,BEL,0.9928160919540231
2023-10-13 05:30:00,BEL,0.9874281609195403
2023-10-16 05:30:00,BEL,0.9870689655172417
2023-10-17 05:30:00,BEL,0.9953304597701151
2023-10-18 05:30:00,BEL,0.9845545977011496
2023-10-19 05:30:00,BEL,0.9841954022988506
2023-10-20 05:30:00,BEL,0.9640804597701149
2023-10-23 05:30:00,BEL,0.9533045977011494
2023-10-25 05:30:00,BEL,0.942528735632184
2023-10-26 05:30:00,BEL,0.9256465517241381
2023-10-27 05:30:00,BEL,0.9497126436781611
2023-10-30 05:30:00,BEL,0.9479166666666669
2023-10-31 05:30:00,BEL,0.9572557471264369
2023-11-01 05:30:00,BEL,0.9511494252873565
2023-11-02 05:30:00,BEL,0.9680316091954025
2023-11-03 05:30:00,BEL,0.9766522988505748
2023-11-06 05:30:00,BEL,0.9888649425287358
2023-11-07 05:30:00,BEL,0.9917385057471267
2023-11-08 05:30:00,BEL,1.0086206896551728
2023-11-09 05:30:00,BEL,0.9910201149425291
2023-11-10 05:30:00,BEL,0.9971264367816097
2023-11-12 05:30:00,BEL,1.0028735632183912
2023-11-13 05:30:00,BEL,1.0301724137931039
2023-11-15 05:30:00,BEL,1.027658045977012
2023-11-16 05:30:00,BEL,1.0244252873563222
2023-11-17 05:30:00,BEL,1.0495689655172418
2023-11-20 05:30:00,BEL,1.0334051724137934
2023-11-21 05:30:00,BEL,1.0262212643678164
2023-11-22 05:30:00,BEL,1.0190373563218393
2023-11-23 05:30:00,BEL,1.0010775862068968
2023-11-24 05:30:00,BEL,1.0082614942528736
2023-11-28 05:30:00,BEL,1.0150862068965518
2023-11-29 05:30:00,BEL,1.0129310344827587
2023-11-30 05:30:00,BEL,1.048132183908046
2024-01-01 05:30:00,BEL,1.328663793103448
2024-01-02 05:30:00,BEL,1.3085488505747125
2024-01-03 05:30:00,BEL,1.3099856321839078
2024-01-04 05:30:00,BEL,1.3426724137931032
2024-01-05 05:30:00,BEL,1.335847701149425
2024-01-08 05:30:00,BEL,1.318965517241379
2024-01-09 05:30:00,BEL,1.3265086206896548
2024-01-10 05:30:00,BEL,1.333333333333333
2024-01-11 05:30:00,BEL,1.3243534482758619
2024-01-12 05:30:00,BEL,1.3182471264367814
2024-01-15 05:30:00,BEL,1.3552442528735633
2024-01-16 05:30:00,BEL,1.3419540229885059
2024-01-17 05:30:00,BEL,1.3336925287356323
2024-01-18 05:30:00,BEL,1.3520114942528734
2024-01-19 05:30:00,BEL,1.3782327586206895
2024-01-20 05:30:00,BEL,1.389367816091954
2024-01-23 05:30:00,BEL,1.3441091954022988
2024-01-24 05:30:00,BEL,1.3595545977011494
2024-01-25 05:30:00,BEL,1.362787356321839
2024-01-29 05:30:00,BEL,1.3714080459770113
2024-01-30 05:30:00,BEL,1.3498563218390802
2024-01-31 05:30:00,BEL,1.3354885057471262
2024-02-01 05:30:00,BEL,1.3175287356321836
2024-02-02 05:30:00,BEL,1.326149425287356
2024-02-05 05:30:00,BEL,1.3042385057471264
2024-02-06 05:30:00,BEL,1.3153735632183907
2024-02-07 05:30:00,BEL,1.305316091954023
2024-02-08 05:30:00,BEL,1.3275862068965518
2024-02-09 05:30:00,BEL,1.2977729885057472
2024-02-12 05:30:00,BEL,1.254669540229885
2024-02-13 05:30:00,BEL,1.26867816091954
2024-02-14 05:30:00,BEL,1.3045977011494252
2024-02-15 05:30:00,BEL,1.335847701149425
2024-02-16 05:30:00,BEL,1.352729885057471
2024-02-19 05:30:00,BEL,1.3559626436781607
2024-02-20 05:30:00,BEL,1.3696120689655171
2024-02-21 05:30:00,BEL,1.3556034482758619
2024-02-22 05:30:00,BEL,1.3990660919540228
2024-02-23 05:30:00,BEL,1.4748563218390802
2024-02-26 05:30:00,BEL,1.4673132183908042
2024-02-27 05:30:00,BEL,1.4752155172413788
2024-02-28 05:30:00,BEL,1.4773706896551717
2024-02-29 05:30:00,BEL,1.4734195402298844
2024-03-01 05:30:00,BEL,1.4770114942528731
2024-03-02 05:30:00,BEL,1.4852729885057467
2024-03-04 05:30:00,BEL,1.5057471264367812
2024-03-05 05:30:00,BEL,1.5140086206896548
2024-03-06 05:30:00,BEL,1.5118534482758617
2024-03-07 05:30:00,BEL,1.5459770114942526
2024-03-11 05:30:00,BEL,1.5269396551724137
2024-03-12 05:30:00,BEL,1.4673132183908044
2024-03-13 05:30:00,BEL,1.3670977011494252
2024-03-14 05:30:00,BEL,1.4026580459770113
2024-03-15 05:30:00,BEL,1.3566810344827585
2024-03-18 05:30:00,BEL,1.3642241379310345
2024-03-19 05:30:00,BEL,1.331896551724138
2024-03-20 05:30:00,BEL,1.3466235632183905
2024-03-21 05:30:00,BEL,1.4141522988505744
2024-03-22 05:30:00,BEL,1.4188218390804594
2024-03-26 05:30:00,BEL,1.432471264367816
2024-03-27 05:30:00,BEL,1.4328304597701147
2024-03-28 05:30:00,BEL,1.4475574712643677
2024-04-01 05:30:00,BEL,1.516522988505747
2024-04-02 05:30:00,BEL,1.5876436781609193
2024-04-03 05:30:00,BEL,1.5912356321839078
2024-04-04 05:30:00,BEL,1.5826149425287355
2024-04-05 05:30:00,BEL,1.612787356321839
2024-04-08 05:30:00,BEL,1.6059626436781609
2024-04-09 05:30:00,BEL,1.639008620689655
2024-04-10 05:30:00,BEL,1.643318965517241
2024-04-12 05:30:00,BEL,1.6774425287356318
2024-04-15 05:30:00,BEL,1.68426724137931
2024-04-16 05:30:00,BEL,1.677083333333333
2024-04-18 05:30:00,BEL,1.660560344827586
2024-04-19 05:30:00,BEL,1.676005747126437
2024-04-22 05:30:00,BEL,1.676005747126437
2024-04-23 05:30:00,BEL,1.6835488505747127
2024-04-24 05:30:00,BEL,1.698994252873563
2024-04-25 05:30:00,BEL,1.7068965517241377
2024-04-26 05:30:00,BEL,1.7165948275862066
2024-04-29 05:30:00,BEL,1.6910919540229883
2024-04-30 05:30:00,BEL,1.6792385057471262
2024-05-02 05:30:00,BEL,1.6864224137931034
2024-05-03 05:30:00,BEL,1.6817528735632183
2024-05-06 05:30:00,BEL,1.66558908045977
2024-05-07 05:30:00,BEL,1.6336206896551724
2024-05-08 05:30:00,BEL,1.6637931034482758
2024-05-09 05:30:00,BEL,1.625
2024-05-10 05:30:00,BEL,1.6314655172413794
2024-05-13 05:30:00,BEL,1.6145833333333335
2024-05-14 05:30:00,BEL,1.659123563218391
2024-05-15 05:30:00,BEL,1.6727729885057474
2024-05-16 05:30:00,BEL,1.7090517241379313
2024-05-17 05:30:00,BEL,1.7830459770114944
2024-05-18 05:30:00,BEL,1.859195402298851
2024-05-21 05:30:00,BEL,1.9694683908045978
2024-05-22 05:30:00,BEL,2.0373563218390807
2024-05-23 05:30:00,BEL,2.0725574712643677
2024-05-24 05:30:00,BEL,2.1350574712643677
2024-05-27 05:30:00,BEL,2.115301724137931
2024-05-28 05:30:00,BEL,2.0768678160919545
2024-05-29 05:30:00,BEL,2.098778735632184
2024-05-30 05:30:00,BEL,2.0880028735632186
2024-05-31 05:30:00,BEL,2.126077586206897
2024-06-03 05:30:00,BEL,2.289152298850575
2024-06-04 05:30:00,BEL,1.8358477011494256
2024-06-05 05:30:00,BEL,1.8703304597701156
2024-06-06 05:30:00,BEL,1.9658764367816095
2024-06-07 05:30:00,BEL,2.03448275862069
2024-06-10 05:30:00,BEL,2.0359195402298855
2024-06-11 05:30:00,BEL,2.0560344827586214
2024-06-12 05:30:00,BEL,2.0869252873563227
2024-06-13 05:30:00,BEL,2.1616379310344835
2024-06-14 05:30:00,BEL,2.2241379310344835
2024-06-18 05:30:00,BEL,2.2862787356321843
2024-06-19 05:30:00,BEL,2.22198275862069
2024-06-20 05:30:00,BEL,2.24066091954023
2024-06-21 05:30:00,BEL,2.1907327586206895
2024-06-24 05:30:00,BEL,2.225215517241379
2024-06-25 05:30:00,BEL,2.22485632183908
2024-06-26 05:30:00,BEL,2.204382183908046
2024-06-27 05:30:00,BEL,2.1875
2024-06-28 05:30:00,BEL,2.1975574712643677
2024-07-01 05:30:00,BEL,2.2101293103448274
2024-07-02 05:30:00,BEL,2.1989942528735633
2024-07-03 05:30:00,BEL,2.25933908045977
2024-07-04 05:30:00,BEL,2.2798132183908044
2024-07-05 05:30:00,BEL,2.3279454022988504
2024-07-08 05:30:00,BEL,2.403735632183908
2024-07-09 05:30:00,BEL,2.405172413793103
2024-07-10 05:30:00,BEL,2.398347701149425
2024-07-11 05:30:00,BEL,2.4102011494252866
2024-07-12 05:30:00,BEL,2.392959770114942
2024-07-15 05:30:00,BEL,2.3807471264367805
2024-07-16 05:30:00,BEL,2.343031609195401
2024-07-18 05:30:00,BEL,2.252514367816091
2024-07-19 05:30:00,BEL,2.2004310344827576
2024-07-22 05:30:00,BEL,2.2435344827586197
2024-07-23 05:30:00,BEL,2.165589080459769
2024-07-24 05:30:00,BEL,2.1558908045977
2024-07-25 05:30:00,BEL,2.1655890804597684
2024-07-26 05:30:00,BEL,2.226293103448274
2024-07-29 05:30:00,BEL,2.308548850574711
2024-07-30 05:30:00,BEL,2.285201149425286
2024-07-31 05:30:00,BEL,2.2704741379310334
2024-08-01 05:30:00,BEL,2.235272988505746
2024-08-02 05:30:00,BEL,2.1763649425287346
2024-08-05 05:30:00,BEL,2.0851293103448265
2024-08-06 05:30:00,BEL,2.0635775862068955
2024-08-07 05:30:00,BEL,2.156609195402298
2024-08-08 05:30:00,BEL,2.1426005747126426
2024-08-09 05:30:00,BEL,2.170977011494252
2024-08-12 05:30:00,BEL,2.16522988505747
2024-08-13 05:30:00,BEL,2.1275143678160906
2024-08-14 05:30:00,BEL,2.109913793103447
2024-08-16 05:30:00,BEL,2.1788793103448265
2024-08-19 05:30:00,BEL,2.1706178160919527
2024-08-20 05:30:00,BEL,2.1778017241379297
2024-08-21 05:30:00,BEL,2.1939655172413777
2024-08-22 05:30:00,BEL,2.1874999999999982
2024-08-23 05:30:00,BEL,2.198275862068964
2024-08-26 05:30:00,BEL,2.203304597701148
2024-08-27 05:30:00,BEL,2.1616379310344813
2024-08-28 05:30:00,BEL,2.1548132183908035
2024-08-29 05:30:00,BEL,2.12787356321839
2024-08-30 05:30:00,BEL,2.1501436781609184
2024-09-02 05:30:00,BEL,2.1329022988505733
2024-09-03 05:30:00,BEL,2.1346982758620676
2024-09-04 05:30:00,BEL,2.147629310344826
2024-09-05 05:30:00,BEL,2.0876436781609184
2024-09-06 05:30:00,BEL,2.0373563218390793
2024-09-09 05:30:00,BEL,2.0226293103448265
2024-09-10 05:30:00,BEL,2.0528017241379297
2024-09-11 05:30:00,BEL,2.069324712643677
2024-09-12 05:30:00,BEL,2.095545977011493
2024-09-13 05:30:00,BEL,2.0829741379310334
2024-09-16 05:30:00,BEL,2.086206896551723
2024-09-17 05:30:00,BEL,2.042385057471263
2024-09-18 05:30:00,BEL,2.0319683908045967
2024-09-19 05:30:00,BEL,1.9590517241379297
2024-09-20 05:30:00,BEL,1.992456896551723
2024-09-23 05:30:00,BEL,2.0567528735632172
2024-09-24 05:30:00,BEL,2.0962643678160906
2024-09-25 05:30:00,BEL,2.0822557471264354
2024-09-26 05:30:00,BEL,2.0869252873563204
2024-09-27 05:30:00,BEL,2.1081178160919527
2024-09-30 05:30:00,BEL,2.048132183908045
2024-10-01 05:30:00,BEL,2.0398706896551713
2024-10-03 05:30:00,BEL,2.0021551724137923
2024-10-04 05:30:00,BEL,1.9913793103448267
2024-10-07 05:30:00,BEL,1.9206178160919534
2024-10-08 05:30:00,BEL,2.013290229885057
2024-10-09 05:30:00,BEL,2.028735632183907
2024-10-10 05:30:00,BEL,2.0610632183908035
2024-10-11 05:30:00,BEL,2.0538793103448265
2024-10-14 05:30:00,BEL,2.0524425287356314
2024-10-15 05:30:00,BEL,2.0750718390804592
2024-10-16 05:30:00,BEL,2.0524425287356314
2024-10-17 05:30:00,BEL,2.044181034482758
2024-10-18 05:30:00,BEL,2.062859195402298
2024-10-21 05:30:00,BEL,2.0280172413793096
2024-10-22 05:30:00,BEL,1.9515086206896544
2024-10-23 05:30:00,BEL,1.9299568965517233
2024-10-24 05:30:00,BEL,1.9493534482758617
2024-10-25 05:30:00,BEL,1.9565373563218387
2024-10-28 05:30:00,BEL,1.9400143678160915
2024-10-29 05:30:00,BEL,2.0377155172413786
2024-10-30 05:30:00,BEL,2.072916666666666
2024-10-31 05:30:00,BEL,2.0466954022988495
2024-11-01 05:30:00,BEL,2.0736350574712636
2024-11-04 05:30:00,BEL,2.0413074712643673
2024-11-05 05:30:00,BEL,2.057112068965517
2024-11-06 05:30:00,BEL,2.168462643678161
2024-11-07 05:30:00,BEL,2.1576867816091956
2024-11-08 05:30:00,BEL,2.1390086206896552
2024-11-11 05:30:00,BEL,2.1533764367816093
2024-11-12 05:30:00,BEL,2.08441091954023
2024-11-13 05:30:00,BEL,2.022629310344828
2024-11-14 05:30:00,BEL,2.0183189655172415
2024-11-18 05:30:00,BEL,1.9974856321839083
2024-11-19 05:30:00,BEL,2.0043103448275863
2024-11-21 05:30:00,BEL,1.9788074712643677
2024-11-22 05:30:00,BEL,2.017600574712644
2023-10-03 05:30:00,BHARTIARTL,
2023-10-04 05:30:00,BHARTIARTL,0.9988652328974387
2023-10-05 05:30:00,BHARTIARTL,1.0038365935372313
2023-10-06 05:30:00,BHARTIARTL,1.000810547930401
2023-10-09 05:30:00,BHARTIARTL,0.9991894520695991
2023-10-10 05:30:00,BHARTIARTL,1.0249108397276558
2023-10-11 05:30:00,BHARTIARTL,1.0327461363881985
2023-10-12 05:30:00,BHARTIARTL,1.0270723008753917
2023-10-13 05:30:00,BHARTIARTL,1.0312331135847832
2023-10-16 05:30:00,BHARTIARTL,1.0229655246946934
2023-10-17 05:30:00,BHARTIARTL,1.0306387117691558
2023-10-18 05:30:00,BHARTIARTL,1.0297741273100616
2023-10-19 05:30:00,BHARTIARTL,1.019074894628769
2023-10-20 05:30:00,BHARTIARTL,1.021506538419972
2023-10-23 05:30:00,BHARTIARTL,1.015130228034151
2023-10-25 05:30:00,BHARTIARTL,0.9970820274505565
2023-10-26 05:30:00,BHARTIARTL,0.9786015346374148
2023-10-27 05:30:00,BHARTIARTL,0.9884361828596132
2023-10-30 05:30:00,BHARTIARTL,1.0010266940451746
2023-10-31 05:30:00,BHARTIARTL,0.9882200367448396
2023-11-01 05:30:00,BHARTIARTL,0.9871933426996652
2023-11-02 05:30:00,BHARTIARTL,0.9984329406678917
2023-11-03 05:30:00,BHARTIARTL,1.0058899816275804
2023-11-06 05:30:00,BHARTIARTL,1.0150221549767644
2023-11-07 05:30:00,BHARTIARTL,1.012806657300335
2023-11-08 05:30:00,BHARTIARTL,1.0123743650707877
2023-11-09 05:30:00,BHARTIARTL,1.0076191505457688
2023-11-10 05:30:00,BHARTIARTL,1.0110234518534527
2023-11-12 05:30:00,BHARTIARTL,1.0137252782881225
2023-11-13 05:30:00,BHARTIARTL,1.0104830865665186
2023-11-15 05:30:00,BHARTIARTL,1.0266940451745377
2023-11-16 05:30:00,BHARTIARTL,1.026207716416297
2023-11-17 05:30:00,BHARTIARTL,1.0237760726250942
2023-11-20 05:30:00,BHARTIARTL,1.039014373716632
2023-11-21 05:30:00,BHARTIARTL,1.0492272776396838
2023-11-22 05:30:00,BHARTIARTL,1.048038474008429
2023-11-23 05:30:00,BHARTIARTL,1.0554955149681178
2023-11-24 05:30:00,BHARTIARTL,1.05171295795958
2023-11-28 05:30:00,BHARTIARTL,1.0644115422025284
2023-11-29 05:30:00,BHARTIARTL,1.0757592132281417
2023-11-30 05:30:00,BHARTIARTL,1.0966173133037929
2024-01-01 05:30:00,BHARTIARTL,1.0948341078569106
2024-01-02 05:30:00,BHARTIARTL,1.1041824273208682
2024-01-03 05:30:00,BHARTIARTL,1.1187722900680854
2024-01-04 05:30:00,BHARTIARTL,1.1324975683562084
2024-01-05 05:30:00,BHARTIARTL,1.13109261861018
2024-01-08 05:30:00,BHARTIARTL,1.1337404085161564
2024-01-09 05:30:00,BHARTIARTL,1.150437695882416
2024-01-10 05:30:00,BHARTIARTL,1.1484923808494538
2024-01-11 05:30:00,BHARTIARTL,1.1486544904355338
2024-01-12 05:30:00,BHARTIARTL,1.163244353182751
2024-01-15 05:30:00,BHARTIARTL,1.1913973846320107
2024-01-16 05:30:00,BHARTIARTL,1.1843726359018691
2024-01-17 05:30:00,BHARTIARTL,1.1728628552901756
2024-01-18 05:30:00,BHARTIARTL,1.1748081703231377
2024-01-19 05:30:00,BHARTIARTL,1.2158218956014257
2024-01-20 05:30:00,BHARTIARTL,1.214470982384091
2024-01-23 05:30:00,BHARTIARTL,1.2514860045390677
2024-01-24 05:30:00,BHARTIARTL,1.2860153463741484
2024-01-25 05:30:00,BHARTIARTL,1.254241867502431
2024-01-29 05:30:00,BHARTIARTL,1.2559710364206198
2024-01-30 05:30:00,BHARTIARTL,1.2521884794120821
2024-01-31 05:30:00,BHARTIARTL,1.2652112828271906
2024-02-01 05:30:00,BHARTIARTL,1.244137036636766
2024-02-02 05:30:00,BHARTIARTL,1.2437047444072187
2024-02-05 05:30:00,BHARTIARTL,1.2034475305306382
2024-02-06 05:30:00,BHARTIARTL,1.2256025072949308
2024-02-07 05:30:00,BHARTIARTL,1.2258726899383978
2024-02-08 05:30:00,BHARTIARTL,1.2343564249432613
2024-02-09 05:30:00,BHARTIARTL,1.2106884253755534
2024-02-12 05:30:00,BHARTIARTL,1.2090132929860582
2024-02-13 05:30:00,BHARTIARTL,1.2080946719982701
2024-02-14 05:30:00,BHARTIARTL,1.2059332108505343
2024-02-15 05:30:00,BHARTIARTL,1.2111747541337938
2024-02-16 05:30:00,BHARTIARTL,1.2104182427320862
2024-02-19 05:30:00,BHARTIARTL,1.2344104614719544
2024-02-20 05:30:00,BHARTIARTL,1.2363017399762235
2024-02-21 05:30:00,BHARTIARTL,1.2319247811520584
2024-02-22 05:30:00,BHARTIARTL,1.2272236031557326
2024-02-23 05:30:00,BHARTIARTL,1.216632443531827
2024-02-26 05:30:00,BHARTIARTL,1.1996649735221003
2024-02-27 05:30:00,BHARTIARTL,1.2185237220360958
2024-02-28 05:30:00,BHARTIARTL,1.2198746352534309
2024-02-29 05:30:00,BHARTIARTL,1.214038690154544
2024-03-01 05:30:00,BHARTIARTL,1.2198205987247377
2024-03-02 05:30:00,BHARTIARTL,1.2224143521020208
2024-03-04 05:30:00,BHARTIARTL,1.2250081054793038
2024-03-05 05:30:00,BHARTIARTL,1.2632659677942288
2024-03-06 05:30:00,BHARTIARTL,1.2900680860261535
2024-03-07 05:30:00,BHARTIARTL,1.296552469469361
2024-03-11 05:30:00,BHARTIARTL,1.2932022046903704
2024-03-12 05:30:00,BHARTIARTL,1.30146979358046
2024-03-13 05:30:00,BHARTIARTL,1.2631038582081484
2024-03-14 05:30:00,BHARTIARTL,1.2910407435426343
2024-03-15 05:30:00,BHARTIARTL,1.31849130011888
2024-03-18 05:30:00,BHARTIARTL,1.3242191721603802
2024-03-19 05:30:00,BHARTIARTL,1.3275154004106775
2024-03-20 05:30:00,BHARTIARTL,1.3312439208905218
2024-03-21 05:30:00,BHARTIARTL,1.3193558845779745
2024-03-22 05:30:00,BHARTIARTL,1.3358910623581537
2024-03-26 05:30:00,BHARTIARTL,1.3110342591591913
2024-03-27 05:30:00,BHARTIARTL,1.3236788068734462
2024-03-28 05:30:00,BHARTIARTL,1.3277855830541443
2024-04-01 05:30:00,BHARTIARTL,1.31562736409813
2024-04-02 05:30:00,BHARTIARTL,1.305792715875932
2024-04-03 05:30:00,BHARTIARTL,1.3246514643899274
2024-04-04 05:30:00,BHARTIARTL,1.3042796930725167
2024-04-05 05:30:00,BHARTIARTL,1.28715011347671
2024-04-08 05:30:00,BHARTIARTL,1.3019561223387008
2024-04-09 05:30:00,BHARTIARTL,1.3016859396952338
2024-04-10 05:30:00,BHARTIARTL,1.328650167513239
2024-04-12 05:30:00,BHARTIARTL,1.3244893548038472
2024-04-15 05:30:00,BHARTIARTL,1.3234086242299792
2024-04-16 05:30:00,BHARTIARTL,1.314654706581649
2024-04-18 05:30:00,BHARTIARTL,1.367934723873338
2024-04-19 05:30:00,BHARTIARTL,1.3930617097157674
2024-04-22 05:30:00,BHARTIARTL,1.4023019561223382
2024-04-23 05:30:00,BHARTIARTL,1.4507186858316214
2024-04-24 05:30:00,BHARTIARTL,1.4442883389171073
2024-04-25 05:30:00,BHARTIARTL,1.4467740192370036
2024-04-26 05:30:00,BHARTIARTL,1.4330487409488808
2024-04-29 05:30:00,BHARTIARTL,1.440019453150329
2024-04-30 05:30:00,BHARTIARTL,1.4290500378255693
2024-05-02 05:30:00,BHARTIARTL,1.4093267048524794
2024-05-03 05:30:00,BHARTIARTL,1.380525235058899
2024-05-06 05:30:00,BHARTIARTL,1.3870096185021066
2024-05-07 05:30:00,BHARTIARTL,1.3899816275802435
2024-05-08 05:30:00,BHARTIARTL,1.3926294174862195
2024-05-09 05:30:00,BHARTIARTL,1.3784178104398563
2024-05-10 05:30:00,BHARTIARTL,1.4061925861882623
2024-05-13 05:30:00,BHARTIARTL,1.3897654814654696
2024-05-14 05:30:00,BHARTIARTL,1.3879822760185874
2024-05-15 05:30:00,BHARTIARTL,1.4156489787096067
2024-05-16 05:30:00,BHARTIARTL,1.4536906949097577
2024-05-17 05:30:00,BHARTIARTL,1.4529882200367437
2024-05-18 05:30:00,BHARTIARTL,1.4565546309305077
2024-05-21 05:30:00,BHARTIARTL,1.4528261104506632
2024-05-22 05:30:00,BHARTIARTL,1.4567167405165877
2024-05-23 05:30:00,BHARTIARTL,1.484977845023234
2024-05-24 05:30:00,BHARTIARTL,1.5005944018156256
2024-05-27 05:30:00,BHARTIARTL,1.4961093699340737
2024-05-28 05:30:00,BHARTIARTL,1.4817356533016304
2024-05-29 05:30:00,BHARTIARTL,1.4882740732735313
2024-05-30 05:30:00,BHARTIARTL,1.488328109802225
2024-05-31 05:30:00,BHARTIARTL,1.483572895277206
2024-06-03 05:30:00,BHARTIARTL,1.5034043013076825
2024-06-04 05:30:00,BHARTIARTL,1.4046255268561536
2024-06-05 05:30:00,BHARTIARTL,1.4528801469793569
2024-06-06 05:30:00,BHARTIARTL,1.4812493245433902
2024-06-07 05:30:00,BHARTIARTL,1.540311250405273
2024-06-10 05:30:00,BHARTIARTL,1.5411758348643674
2024-06-11 05:30:00,BHARTIARTL,1.5424727115530088
2024-06-12 05:30:00,BHARTIARTL,1.554522857451636
2024-06-13 05:30:00,BHARTIARTL,1.5408516156922065
2024-06-14 05:30:00,BHARTIARTL,1.5426348211390886
2024-06-18 05:30:00,BHARTIARTL,1.543661515184263
2024-06-19 05:30:00,BHARTIARTL,1.5047552145250174
2024-06-20 05:30:00,BHARTIARTL,1.4926510320976967
2024-06-21 05:30:00,BHARTIARTL,1.5303685291256874
2024-06-24 05:30:00,BHARTIARTL,1.5344212687776924
2024-06-25 05:30:00,BHARTIARTL,1.529179725494433
2024-06-26 05:30:00,BHARTIARTL,1.5773262725602493
2024-06-27 05:30:00,BHARTIARTL,1.5949421809142965
2024-06-28 05:30:00,BHARTIARTL,1.5606289851939896
2024-07-01 05:30:00,BHARTIARTL,1.5713822544039755
2024-07-02 05:30:00,BHARTIARTL,1.5335026477899045
2024-07-03 05:30:00,BHARTIARTL,1.5344753053063855
2024-07-04 05:30:00,BHARTIARTL,1.5379336431427628
2024-07-05 05:30:00,BHARTIARTL,1.5451205014589846
2024-07-08 05:30:00,BHARTIARTL,1.551010483086565
2024-07-09 05:30:00,BHARTIARTL,1.551442775316112
2024-07-10 05:30:00,BHARTIARTL,1.5617097157678574
2024-07-11 05:30:00,BHARTIARTL,1.5540365286933953
2024-07-12 05:30:00,BHARTIARTL,1.548957094996216
2024-07-15 05:30:00,BHARTIARTL,1.5536582729925412
2024-07-16 05:30:00,BHARTIARTL,1.5848913865773246
2024-07-18 05:30:00,BHARTIARTL,1.60342591591916
2024-07-19 05:30:00,BHARTIARTL,1.5797579163514521
2024-07-22 05:30:00,BHARTIARTL,1.5837025829460702
2024-07-23 05:30:00,BHARTIARTL,1.5840268021182307
2024-07-24 05:30:00,BHARTIARTL,1.5726791310926174
2024-07-25 05:30:00,BHARTIARTL,1.5661407111207164
2024-07-26 05:30:00,BHARTIARTL,1.6366583810655992
2024-07-29 05:30:00,BHARTIARTL,1.600940235599264
2024-07-30 05:30:00,BHARTIARTL,1.5890521992867166
2024-07-31 05:30:00,BHARTIARTL,1.6119636874527168
2024-08-01 05:30:00,BHARTIARTL,1.6270398789581744
2024-08-02 05:30:00,BHARTIARTL,1.6143953312439194
2024-08-05 05:30:00,BHARTIARTL,1.5840268021182307
2024-08-06 05:30:00,BHARTIARTL,1.5600886199070558
2024-08-07 05:30:00,BHARTIARTL,1.5581433048740936
2024-08-08 05:30:00,BHARTIARTL,1.5690046471414663
2024-08-09 05:30:00,BHARTIARTL,1.582297633200042
2024-08-12 05:30:00,BHARTIARTL,1.5763536150437683
2024-08-13 05:30:00,BHARTIARTL,1.5775424186750229
2024-08-14 05:30:00,BHARTIARTL,1.590511185561438
2024-08-16 05:30:00,BHARTIARTL,1.603317842861773
2024-08-19 05:30:00,BHARTIARTL,1.5882956878850087
2024-08-20 05:30:00,BHARTIARTL,1.566140711120716
2024-08-21 05:30:00,BHARTIARTL,1.5815951583270274
2024-08-22 05:30:00,BHARTIARTL,1.6063438884686028
2024-08-23 05:30:00,BHARTIARTL,1.6283907921755085
2024-08-26 05:30:00,BHARTIARTL,1.6357397600778105
2024-08-27 05:30:00,BHARTIARTL,1.6456824813573956
2024-08-28 05:30:00,BHARTIARTL,1.6819950286393581
2024-08-29 05:30:00,BHARTIARTL,1.692316005619797
2024-08-30 05:30:00,BHARTIARTL,1.7173349184048396
2024-09-02 05:30:00,BHARTIARTL,1.6982059872473771
2024-09-03 05:30:00,BHARTIARTL,1.6865881335782968
2024-09-04 05:30:00,BHARTIARTL,1.6879930833243253
2024-09-05 05:30:00,BHARTIARTL,1.6721063438884667
2024-09-06 05:30:00,BHARTIARTL,1.6635145358262164
2024-09-09 05:30:00,BHARTIARTL,1.6671890197773676
2024-09-10 05:30:00,BHARTIARTL,1.7052307359775187
2024-09-11 05:30:00,BHARTIARTL,1.7051766994488253
2024-09-12 05:30:00,BHARTIARTL,1.7796930725170195
2024-09-13 05:30:00,BHARTIARTL,1.766400086458444
2024-09-16 05:30:00,BHARTIARTL,1.767480817032312
2024-09-17 05:30:00,BHARTIARTL,1.7959040311250387
2024-09-18 05:30:00,BHARTIARTL,1.7885010266940433
2024-09-19 05:30:00,BHARTIARTL,1.799254295904029
2024-09-20 05:30:00,BHARTIARTL,1.849940559818435
2024-09-23 05:30:00,BHARTIARTL,1.8917648330271242
2024-09-24 05:30:00,BHARTIARTL,1.8984653625851056
2024-09-25 05:30:00,BHARTIARTL,1.9025181022371105
2024-09-26 05:30:00,BHARTIARTL,1.9140819193774972
2024-09-27 05:30:00,BHARTIARTL,1.8746352534313178
2024-09-30 05:30:00,BHARTIARTL,1.847562952555926
2024-10-01 05:30:00,BHARTIARTL,1.8358370258294592
2024-10-03 05:30:00,BHARTIARTL,1.8085485788392937
2024-10-04 05:30:00,BHARTIARTL,1.7733707986598926
2024-10-07 05:30:00,BHARTIARTL,1.7962282502971991
2024-10-08 05:30:00,BHARTIARTL,1.7912568896574066
2024-10-09 05:30:00,BHARTIARTL,1.8135739760077794
2024-10-10 05:30:00,BHARTIARTL,1.8135739760077794
2024-10-11 05:30:00,BHARTIARTL,1.8236247703447512
2024-10-14 05:30:00,BHARTIARTL,1.832486761050468
2024-10-15 05:30:00,BHARTIARTL,1.855884577974709
2024-10-16 05:30:00,BHARTIARTL,1.8739327785583038
2024-10-17 05:30:00,BHARTIARTL,1.8384848157354357
2024-10-18 05:30:00,BHARTIARTL,1.8457257105803506
2024-10-21 05:30:00,BHARTIARTL,1.8291905328001714
2024-10-22 05:30:00,BHARTIARTL,1.828866313628011
2024-10-23 05:30:00,BHARTIARTL,1.8218956014265626
2024-10-24 05:30:00,BHARTIARTL,1.8139522317086334
2024-10-25 05:30:00,BHARTIARTL,1.8004971360639777
2024-10-28 05:30:00,BHARTIARTL,1.7976332000432276
2024-10-29 05:30:00,BHARTIARTL,1.7692640224791942
2024-10-30 05:30:00,BHARTIARTL,1.7652112828271893
2024-10-31 05:30:00,BHARTIARTL,1.7427861234194297
2024-11-01 05:30:00,BHARTIARTL,1.7469469361288215
2024-11-04 05:30:00,BHARTIARTL,1.7197125256673493
2024-11-05 05:30:00,BHARTIARTL,1.7058251377931466
2024-11-06 05:30:00,BHARTIARTL,1.7278720415000524
2024-11-07 05:30:00,BHARTIARTL,1.70301523830109
2024-11-08 05:30:00,BHARTIARTL,1.6966389279152694
2024-11-11 05:30:00,BHARTIARTL,1.686534097049604
2024-11-12 05:30:00,BHARTIARTL,1.6812385172376514
2024-11-13 05:30:00,BHARTIARTL,1.6756187182535383
2024-11-14 05:30:00,BHARTIARTL,1.6756727547822317
2024-11-18 05:30:00,BHARTIARTL,1.6610828920350147
2024-11-19 05:30:00,BHARTIARTL,1.6486544904355334
2024-11-21 05:30:00,BHARTIARTL,1.6482762347346795
2024-11-22 05:30:00,BHARTIARTL,1.6959904895709486
2023-10-03 05:30:00,M&M,
2023-10-04 05:30:00,M&M,0.9900481332119161
2023-10-05 05:30:00,M&M,1.0003577468453233
2023-10-06 05:30:00,M&M,1.0074476388708207
2023-10-09 05:30:00,M&M,0.9855600364251332
2023-10-10 05:30:00,M&M,1.000292701964355
2023-10-11 05:30:00,M&M,1.0122934825029266
2023-10-12 05:30:00,M&M,1.019025627683101
2023-10-13 05:30:00,M&M,1.0162937426824505
2023-10-16 05:30:00,M&M,1.0241641732795623
2023-10-17 05:30:00,M&M,1.0254975933394037
2023-10-18 05:30:00,M&M,1.024359307922466
2023-10-19 05:30:00,M&M,1.020911929231169
2023-10-20 05:30:00,M&M,1.0135618576818
2023-10-23 05:30:00,M&M,1.018049954468583
2023-10-25 05:30:00,M&M,1.0206192272668135
2023-10-26 05:30:00,M&M,0.9796409522570568
2023-10-27 05:30:00,M&M,0.9826980616625466
2023-10-30 05:30:00,M&M,0.9742422271367237
2023-10-31 05:30:00,M&M,0.9487446337973195
2023-11-01 05:30:00,M&M,0.9461428385586048
2023-11-02 05:30:00,M&M,0.9559646155847529
2023-11-03 05:30:00,M&M,0.9555093014179777
2023-11-06 05:30:00,M&M,0.9680629634447762
2023-11-07 05:30:00,M&M,0.9625016261220235
2023-11-08 05:30:00,M&M,0.9674775595160654
2023-11-09 05:30:00,M&M,1.0095290750617918
2023-11-10 05:30:00,M&M,0.9913490308312727
2023-11-12 05:30:00,M&M,0.9927474957720819
2023-11-13 05:30:00,M&M,1.0018537791075834
2023-11-15 05:30:00,M&M,1.0043905294653304
2023-11-16 05:30:00,M&M,1.0208794067906848
2023-11-17 05:30:00,M&M,1.0306686613763487
2023-11-20 05:30:00,M&M,1.0096266423832436
2023-11-21 05:30:00,M&M,1.0145375308963176
2023-11-22 05:30:00,M&M,1.0039352152985552
2023-11-23 05:30:00,M&M,1.0054962924417838
2023-11-24 05:30:00,M&M,1.0102770911929222
2023-11-28 05:30:00,M&M,1.0186353583972931
2023-11-29 05:30:00,M&M,1.053141667750747
2023-11-30 05:30:00,M&M,1.0717770261480413
2024-01-01 05:30:00,M&M,1.1079094575256918
2024-01-02 05:30:00,M&M,1.0772733185898262
2024-01-03 05:30:00,M&M,1.0766553922206314
2024-01-04 05:30:00,M&M,1.0678418108494854
2024-01-05 05:30:00,M&M,1.0680369454923888
2024-01-08 05:30:00,M&M,1.051222843762195
2024-01-09 05:30:00,M&M,1.060166514895277
2024-01-10 05:30:00,M&M,1.0620528164433451
2024-01-11 05:30:00,M&M,1.0593534538831786
2024-01-12 05:30:00,M&M,1.056621568882528
2024-01-15 05:30:00,M&M,1.0638415506699612
2024-01-16 05:30:00,M&M,1.0539547287628452
2024-01-17 05:30:00,M&M,1.0392220632236233
2024-01-18 05:30:00,M&M,1.0519383374528413
2024-01-19 05:30:00,M&M,1.0768505268635344
2024-01-20 05:30:00,M&M,1.0552231039417184
2024-01-23 05:30:00,M&M,1.0375959411994262
2024-01-24 05:30:00,M&M,1.0589957070378546
2024-01-25 05:30:00,M&M,1.0638090282294768
2024-01-29 05:30:00,M&M,1.0667360478730308
2024-01-30 05:30:00,M&M,1.0539547287628446
2024-01-31 05:30:00,M&M,1.0742487316248195
2024-02-01 05:30:00,M&M,1.073988552100948
2024-02-02 05:30:00,M&M,1.0802328606738631
2024-02-05 05:30:00,M&M,1.1080720697281106
2024-02-06 05:30:00,M&M,1.1237478860413668
2024-02-07 05:30:00,M&M,1.1194224014570036
2024-02-08 05:30:00,M&M,1.0965916482372822
2024-02-09 05:30:00,M&M,1.0708989202549744
2024-02-12 05:30:00,M&M,1.0800377260309597
2024-02-13 05:30:00,M&M,1.0711265773383618
2024-02-14 05:30:00,M&M,1.077826200078052
2024-02-15 05:30:00,M&M,1.1480746715233494
2024-02-16 05:30:00,M&M,1.193931312605696
2024-02-19 05:30:00,M&M,1.2023871471315188
2024-02-20 05:30:00,M&M,1.2057044360608802
2024-02-21 05:30:00,M&M,1.2096071289189523
2024-02-22 05:30:00,M&M,1.2425848835696611
2024-02-23 05:30:00,M&M,1.255333680239363
2024-02-26 05:30:00,M&M,1.2552361129179113
2024-02-27 05:30:00,M&M,1.2687654481592276
2024-02-28 05:30:00,M&M,1.2369259789254565
2024-02-29 05:30:00,M&M,1.256927279823076
2024-03-01 05:30:00,M&M,1.2833029790555464
2024-03-02 05:30:00,M&M,1.2749447118511754
2024-03-04 05:30:00,M&M,1.249544685833223
2024-03-05 05:30:00,M&M,1.261382854169375
2024-03-06 05:30:00,M&M,1.2818069467932853
2024-03-07 05:30:00,M&M,1.234259138805774
2024-03-11 05:30:00,M&M,1.2321777026148022
2024-03-12 05:30:00,M&M,1.2326980616625451
2024-03-13 05:30:00,M&M,1.205736958501364
2024-03-14 05:30:00,M&M,1.229705997138023
2024-03-15 05:30:00,M&M,1.1704826330167795
2024-03-18 05:30:00,M&M,1.2072655132041086
2024-03-19 05:30:00,M&M,1.1993625601665128
2024-03-20 05:30:00,M&M,1.199687784571352
2024-03-21 05:30:00,M&M,1.2136399115389596
2024-03-22 05:30:00,M&M,1.2220632236242985
2024-03-26 05:30:00,M&M,1.2124040588005702
2024-03-27 05:30:00,M&M,1.2235917783270436
2024-03-28 05:30:00,M&M,1.2497398204761263
2024-04-01 05:30:00,M&M,1.2462273969038615
2024-04-02 05:30:00,M&M,1.2826525302458673
2024-04-03 05:30:00,M&M,1.2939378170937923
2024-04-04 05:30:00,M&M,1.3026538311434868
2024-04-05 05:30:00,M&M,1.3095485885260807
2024-04-08 05:30:00,M&M,1.351697671393259
2024-04-09 05:30:00,M&M,1.360023416157146
2024-04-10 05:30:00,M&M,1.3504618186548694
2024-04-12 05:30:00,M&M,1.3470469624040562
2024-04-15 05:30:00,M&M,1.3356641082346792
2024-04-16 05:30:00,M&M,1.3212566671002965
2024-04-18 05:30:00,M&M,1.317126317158837
2024-04-19 05:30:00,M&M,1.3548198256797164
2024-04-22 05:30:00,M&M,1.359860803954726
2024-04-23 05:30:00,M&M,1.341615714843239
2024-04-24 05:30:00,M&M,1.3389163522830725
2024-04-25 05:30:00,M&M,1.3638935865747337
2024-04-26 05:30:00,M&M,1.3301027709119266
2024-04-29 05:30:00,M&M,1.341257967997916
2024-04-30 05:30:00,M&M,1.402595290750615
2024-05-02 05:30:00,M&M,1.421328216469361
2024-05-03 05:30:00,M&M,1.4264342396253387
2024-05-06 05:30:00,M&M,1.4472160790945725
2024-05-07 05:30:00,M&M,1.425458566410821
2024-05-08 05:30:00,M&M,1.419539482242745
2024-05-09 05:30:00,M&M,1.4391505138545573
2024-05-10 05:30:00,M&M,1.4264667620658231
2024-05-13 05:30:00,M&M,1.4207428125406505
2024-05-14 05:30:00,M&M,1.4764537530896291
2024-05-15 05:30:00,M&M,1.4975282945232182
2024-05-16 05:30:00,M&M,1.542701964355402
2024-05-17 05:30:00,M&M,1.635618576818001
2024-05-18 05:30:00,M&M,1.6285286847925033
2024-05-21 05:30:00,M&M,1.6408546897359144
2024-05-22 05:30:00,M&M,1.6398139716404287
2024-05-23 05:30:00,M&M,1.6971510342136038
2024-05-24 05:30:00,M&M,1.6779953167685668
2024-05-27 05:30:00,M&M,1.6580590607519152
2024-05-28 05:30:00,M&M,1.6604657213477265
2024-05-29 05:30:00,M&M,1.6480096266423798
2024-05-30 05:30:00,M&M,1.6218941069337809
2024-05-31 05:30:00,M&M,1.6301873292571838
2024-06-03 05:30:00,M&M,1.7132821646936347
2024-06-04 05:30:00,M&M,1.6735397424222676
2024-06-05 05:30:00,M&M,1.7828476648887688
2024-06-06 05:30:00,M&M,1.7561142188109753
2024-06-07 05:30:00,M&M,1.8586249512163346
2024-06-10 05:30:00,M&M,1.826167555613369
2024-06-11 05:30:00,M&M,1.844380122284372
2024-06-12 05:30:00,M&M,1.8131585794197955
2024-06-13 05:30:00,M&M,1.861389358657469
2024-06-14 05:30:00,M&M,1.9049043840249726
2024-06-18 05:30:00,M&M,1.9265643293872727
2024-06-19 05:30:00,M&M,1.9083192402757858
2024-06-20 05:30:00,M&M,1.8675686223494166
2024-06-21 05:30:00,M&M,1.8472420970469579
2024-06-24 05:30:00,M&M,1.8965786392610857
2024-06-25 05:30:00,M&M,1.8924157668791421
2024-06-26 05:30:00,M&M,1.8547547807987468
2024-06-27 05:30:00,M&M,1.879114088721213
2024-06-28 05:30:00,M&M,1.8646090802653787
2024-07-01 05:30:00,M&M,1.8705932093144222
2024-07-02 05:30:00,M&M,1.8636334070508604
2024-07-03 05:30:00,M&M,1.8719591518147471
2024-07-04 05:30:00,M&M,1.8881228047352625
2024-07-05 05:30:00,M&M,1.8736828411603956
2024-07-08 05:30:00,M&M,1.8546572134772943
2024-07-09 05:30:00,M&M,1.9028879927149682
2024-07-10 05:30:00,M&M,1.7770261480421443
2024-07-11 05:30:00,M&M,1.7549434109535533
2024-07-12 05:30:00,M&M,1.7587810589306572
2024-07-15 05:30:00,M&M,1.7764082216729493
2024-07-16 05:30:00,M&M,1.7931247560816912
2024-07-18 05:30:00,M&M,1.833907896448544
2024-07-19 05:30:00,M&M,1.788278912449585
2024-07-22 05:30:00,M&M,1.8243462989462675
2024-07-23 05:30:00,M&M,1.8351437491869338
2024-07-24 05:30:00,M&M,1.824834135553527
2024-07-25 05:30:00,M&M,1.8286717835306312
2024-07-26 05:30:00,M&M,1.8783660725900824
2024-07-29 05:30:00,M&M,1.9077663587875584
2024-07-30 05:30:00,M&M,1.9006764667620606
2024-07-31 05:30:00,M&M,1.8913750487836556
2024-08-01 05:30:00,M&M,1.8397294132951687
2024-08-02 05:30:00,M&M,1.788506569532973
2024-08-05 05:30:00,M&M,1.7425198386886904
2024-08-06 05:30:00,M&M,1.7125991934434712
2024-08-07 05:30:00,M&M,1.7437556914270798
2024-08-08 05:30:00,M&M,1.745121633927405
2024-08-09 05:30:00,M&M,1.7881813451281334
2024-08-12 05:30:00,M&M,1.767692207623255
2024-08-13 05:30:00,M&M,1.7679523871471268
2024-08-14 05:30:00,M&M,1.7856445947703867
2024-08-16 05:30:00,M&M,1.8475673214517965
2024-08-19 05:30:00,M&M,1.7985885260829924
2024-08-20 05:30:00,M&M,1.802588786262516
2024-08-21 05:30:00,M&M,1.8013529335241265
2024-08-22 05:30:00,M&M,1.7776440744113384
2024-08-23 05:30:00,M&M,1.794588265903468
2024-08-26 05:30:00,M&M,1.8167685703135108
2024-08-27 05:30:00,M&M,1.8087680499544632
2024-08-28 05:30:00,M&M,1.8199557694809365
2024-08-29 05:30:00,M&M,1.793677637569918
2024-08-30 05:30:00,M&M,1.8247690906725589
2024-09-02 05:30:00,M&M,1.8062963444776845
2024-09-03 05:30:00,M&M,1.8114023676336621
2024-09-04 05:30:00,M&M,1.788474047092489
2024-09-05 05:30:00,M&M,1.771237153636004
2024-09-06 05:30:00,M&M,1.7549759333940371
2024-09-09 05:30:00,M&M,1.7619682580980829
2024-09-10 05:30:00,M&M,1.7497072980356398
2024-09-11 05:30:00,M&M,1.7264537530896271
2024-09-12 05:30:00,M&M,1.7828151424482845
2024-09-13 05:30:00,M&M,1.7816443345908628
2024-09-16 05:30:00,M&M,1.7935475478079828
2024-09-17 05:30:00,M&M,1.813223624300763
2024-09-18 05:30:00,M&M,1.8265903473396594
2024-09-19 05:30:00,M&M,1.8196305450760977
2024-09-20 05:30:00,M&M,1.9193768700403224
2024-09-23 05:30:00,M&M,1.9837387797580277
2024-09-24 05:30:00,M&M,1.9996747755951554
2024-09-25 05:30:00,M&M,2.0105697931572735
2024-09-26 05:30:00,M&M,2.069142708468838
2024-09-27 05:30:00,M&M,2.070801352933519
2024-09-30 05:30:00,M&M,2.013074021074537
2024-10-01 05:30:00,M&M,2.0589957070378513
2024-10-03 05:30:00,M&M,2.0358072069728066
2024-10-04 05:30:00,M&M,1.9626967607649233
2024-10-07 05:30:00,M&M,1.9905034473786865
2024-10-08 05:30:00,M&M,2.0592233641212387
2024-10-09 05:30:00,M&M,2.050865096916868
2024-10-10 05:30:00,M&M,2.0777286327565974
2024-10-11 05:30:00,M&M,2.0387342266163606
2024-10-14 05:30:00,M&M,2.052100949655258
2024-10-15 05:30:00,M&M,2.052686353583969
2024-10-16 05:30:00,M&M,1.995576948094181
2024-10-17 05:30:00,M&M,1.9283205411734057
2024-10-18 05:30:00,M&M,1.9280928840900182
2024-10-21 05:30:00,M&M,1.9501756211786092
2024-10-22 05:30:00,M&M,1.877975803304276
2024-10-23 05:30:00,M&M,1.817028749837384
2024-10-24 05:30:00,M&M,1.8383959932353284
2024-10-25 05:30:00,M&M,1.769773643814228
2024-10-28 05:30:00,M&M,1.8088981397164006
2024-10-29 05:30:00,M&M,1.7867178353063577
2024-10-30 05:30:00,M&M,1.7612202419669534
2024-10-31 05:30:00,M&M,1.774782099648754
2024-11-01 05:30:00,M&M,1.832737088591124
2024-11-04 05:30:00,M&M,1.8758618446728201
2024-11-05 05:30:00,M&M,1.8859438012228398
2024-11-06 05:30:00,M&M,1.9087745544425616
2024-11-07 05:30:00,M&M,1.8806751658644425
2024-11-08 05:30:00,M&M,1.935020163913096
2024-11-11 05:30:00,M&M,1.9062052816443305
2024-11-12 05:30:00,M&M,1.885358397294129
2024-11-13 05:30:00,M&M,1.8205736958501324
2024-11-14 05:30:00,M&M,1.8259398985299815
2024-11-18 05:30:00,M&M,1.851762716274225
2024-11-19 05:30:00,M&M,1.9181410173019338
2024-11-21 05:30:00,M&M,1.9098803174190149
2024-11-22 05:30:00,M&M,1.9597697411213693
2023-10-03 05:30:00,TRENT,
2023-10-04 05:30:00,TRENT,0.9821281142246613
2023-10-05 05:30:00,TRENT,0.9944150356952067
2023-10-06 05:30:00,TRENT,1.0063134379097665
2023-10-09 05:30:00,TRENT,1.0096886989461418
2023-10-10 05:30:00,TRENT,0.9959691127191493
2023-10-11 05:30:00,TRENT,1.0204943907532418
2023-10-12 05:30:00,TRENT,1.0087902481666746
2023-10-13 05:30:00,TRENT,1.0124811810985381
2023-10-16 05:30:00,TRENT,1.0235782623476275
2023-10-17 05:30:00,TRENT,1.0096644164926423
2023-10-18 05:30:00,TRENT,0.9950706619396822
2023-10-19 05:30:00,TRENT,1.000728473604973
2023-10-20 05:30:00,TRENT,0.9888543538439125
2023-10-23 05:30:00,TRENT,0.9673886649507067
2023-10-25 05:30:00,TRENT,0.9680200087416833
2023-10-26 05:30:00,TRENT,0.9864018260405032
2023-10-27 05:30:00,TRENT,1.030595891408868
2023-10-30 05:30:00,TRENT,1.0294546160944102
2023-10-31 05:30:00,TRENT,1.0464280510902821
2023-11-01 05:30:00,TRENT,1.0672866786460107
2023-11-02 05:30:00,TRENT,1.0634986159001507
2023-11-03 05:30:00,TRENT,1.0667281822155312
2023-11-06 05:30:00,TRENT,1.0845515030838717
2023-11-07 05:30:00,TRENT,1.1772133456364435
2023-11-08 05:30:00,TRENT,1.191224321305425
2023-11-09 05:30:00,TRENT,1.203462677868972
2023-11-10 05:30:00,TRENT,1.208950512359769
2023-11-12 05:30:00,TRENT,1.2113301928026812
2023-11-13 05:30:00,TRENT,1.242800252537517
2023-11-15 05:30:00,TRENT,1.239934923024623
2023-11-16 05:30:00,TRENT,1.2358311883832747
2023-11-17 05:30:00,TRENT,1.251226263901705
2023-11-20 05:30:00,TRENT,1.2737360982953723
2023-11-21 05:30:00,TRENT,1.269365256665534
2023-11-22 05:30:00,TRENT,1.2758729542032932
2023-11-23 05:30:00,TRENT,1.2894225632557919
2023-11-24 05:30:00,TRENT,1.2868243407313877
2023-11-28 05:30:00,TRENT,1.2975329027244915
2023-11-29 05:30:00,TRENT,1.2997911708999081
2023-11-30 05:30:00,TRENT,1.3535039580399209
2024-01-01 05:30:00,TRENT,1.4579670729930556
2024-01-02 05:30:00,TRENT,1.4546160944101796
2024-01-03 05:30:00,TRENT,1.485284833179545
2024-01-04 05:30:00,TRENT,1.4898984993443742
2024-01-05 05:30:00,TRENT,1.4887815064834158
2024-01-08 05:30:00,TRENT,1.4785828760137931
2024-01-09 05:30:00,TRENT,1.513015395075519
2024-01-10 05:30:00,TRENT,1.541255888494974
2024-01-11 05:30:00,TRENT,1.5423243164489346
2024-01-12 05:30:00,TRENT,1.5599776601427815
2024-01-15 05:30:00,TRENT,1.5508231751736201
2024-01-16 05:30:00,TRENT,1.5376135204701087
2024-01-17 05:30:00,TRENT,1.5287504249429367
2024-01-18 05:30:00,TRENT,1.5306444563158668
2024-01-19 05:30:00,TRENT,1.5589577970958193
2024-01-20 05:30:00,TRENT,1.5504832208246329
2024-01-23 05:30:00,TRENT,1.536666504783644
2024-01-24 05:30:00,TRENT,1.565125540284591
2024-01-25 05:30:00,TRENT,1.5695206643679283
2024-01-29 05:30:00,TRENT,1.576611140789666
2024-01-30 05:30:00,TRENT,1.483633626341606
2024-01-31 05:30:00,TRENT,1.499174396581031
2024-02-01 05:30:00,TRENT,1.5068719343402461
2024-02-02 05:30:00,TRENT,1.5181632752173282
2024-02-05 05:30:00,TRENT,1.4701325821961053
2024-02-06 05:30:00,TRENT,1.4739449273954641
2024-02-07 05:30:00,TRENT,1.7519790199601768
2024-02-08 05:30:00,TRENT,1.865839444417464
2024-02-09 05:30:00,TRENT,1.8258219610509447
2024-02-12 05:30:00,TRENT,1.846462046525181
2024-02-13 05:30:00,TRENT,1.870355980768297
2024-02-14 05:30:00,TRENT,1.9042300033995438
2024-02-15 05:30:00,TRENT,1.919600796464475
2024-02-16 05:30:00,TRENT,1.9545432470496822
2024-02-19 05:30:00,TRENT,1.9654946335777772
2024-02-20 05:30:00,TRENT,1.955174590840659
2024-02-21 05:30:00,TRENT,1.8914817153125156
2024-02-22 05:30:00,TRENT,1.9202564227089507
2024-02-23 05:30:00,TRENT,1.8871351561361762
2024-02-26 05:30:00,TRENT,1.8671264144529165
2024-02-27 05:30:00,TRENT,1.9122432130542473
2024-02-28 05:30:00,TRENT,1.9060754698654756
2024-02-29 05:30:00,TRENT,1.8851925598562482
2024-03-01 05:30:00,TRENT,1.8946384342673985
2024-03-02 05:30:00,TRENT,1.8986936040017484
2024-03-04 05:30:00,TRENT,1.9036472245155651
2024-03-05 05:30:00,TRENT,1.870865912291778
2024-03-06 05:30:00,TRENT,1.880433198970424
2024-03-07 05:30:00,TRENT,1.9193822543829826
2024-03-11 05:30:00,TRENT,1.9448788305570393
2024-03-12 05:30:00,TRENT,1.9467728619299691
2024-03-13 05:30:00,TRENT,1.915424214462629
2024-03-14 05:30:00,TRENT,1.9819824195036662
2024-03-15 05:30:00,TRENT,1.9736292554999753
2024-03-18 05:30:00,TRENT,1.9771016463503466
2024-03-19 05:30:00,TRENT,1.9210577436744203
2024-03-20 05:30:00,TRENT,1.9256228449322517
2024-03-21 05:30:00,TRENT,1.94349473070759
2024-03-22 05:30:00,TRENT,1.9176339177310469
2024-03-26 05:30:00,TRENT,1.885168277402748
2024-03-27 05:30:00,TRENT,1.8819872759943657
2024-03-28 05:30:00,TRENT,1.9173425282890577
2024-04-01 05:30:00,TRENT,1.8876208052061574
2024-04-02 05:30:00,TRENT,1.8900976154630658
2024-04-03 05:30:00,TRENT,1.9051284541790092
2024-04-04 05:30:00,TRENT,1.9441503569520655
2024-04-05 05:30:00,TRENT,1.9098635326113342
2024-04-08 05:30:00,TRENT,1.9094992958088477
2024-04-09 05:30:00,TRENT,1.8951726482443778
2024-04-10 05:30:00,TRENT,1.9528677577582432
2024-04-12 05:30:00,TRENT,1.9687484823466552
2024-04-15 05:30:00,TRENT,1.9276382885726762
2024-04-16 05:30:00,TRENT,1.9368656209023347
2024-04-18 05:30:00,TRENT,1.9848963139235578
2024-04-19 05:30:00,TRENT,2.0197901996017666
2024-04-22 05:30:00,TRENT,2.0244767131270938
2024-04-23 05:30:00,TRENT,2.019474527706279
2024-04-24 05:30:00,TRENT,2.050288961196639
2024-04-25 05:30:00,TRENT,2.0995337768928164
2024-04-26 05:30:00,TRENT,2.0906463989121455
2024-04-29 05:30:00,TRENT,2.0951386528094793
2024-04-30 05:30:00,TRENT,2.141663833713758
2024-05-02 05:30:00,TRENT,2.256665533485503
2024-05-03 05:30:00,TRENT,2.196906415424214
2024-05-06 05:30:00,TRENT,2.1898159390024765
2024-05-07 05:30:00,TRENT,2.187339128745568
2024-05-08 05:30:00,TRENT,2.1847409062211645
2024-05-09 05:30:00,TRENT,2.140716818027293
2024-05-10 05:30:00,TRENT,2.171531251517653
2024-05-13 05:30:00,TRENT,2.1687630518187553
2024-05-14 05:30:00,TRENT,2.2050167548929145
2024-05-15 05:30:00,TRENT,2.1985333398086544
2024-05-16 05:30:00,TRENT,2.232358797532903
2024-05-17 05:30:00,TRENT,2.2507648972852223
2024-05-18 05:30:00,TRENT,2.2548686319265703
2024-05-21 05:30:00,TRENT,2.266669904327134
2024-05-22 05:30:00,TRENT,2.2567869457529994
2024-05-23 05:30:00,TRENT,2.2818464377640724
2024-05-24 05:30:00,TRENT,2.290029624593269
2024-05-27 05:30:00,TRENT,2.2738089456558694
2024-05-28 05:30:00,TRENT,2.241707542130057
2024-05-29 05:30:00,TRENT,2.2689767374095484
2024-05-30 05:30:00,TRENT,2.2589238016609205
2024-05-31 05:30:00,TRENT,2.214146957408577
2024-06-03 05:30:00,TRENT,2.264193094070225
2024-06-04 05:30:00,TRENT,2.203948326938954
2024-06-05 05:30:00,TRENT,2.381525909377884
2024-06-06 05:30:00,TRENT,2.3692147054538393
2024-06-07 05:30:00,TRENT,2.4110533728327916
2024-06-10 05:30:00,TRENT,2.413408770822204
2024-06-11 05:30:00,TRENT,2.3828857267738335
2024-06-12 05:30:00,TRENT,2.441867806323151
2024-06-13 05:30:00,TRENT,2.4398280802292267
2024-06-14 05:30:00,TRENT,2.547496479044243
2024-06-18 05:30:00,TRENT,2.60191345733573
2024-06-19 05:30:00,TRENT,2.601524938079744
2024-06-20 05:30:00,TRENT,2.591981933854597
2024-06-21 05:30:00,TRENT,2.5575979796998696
2024-06-24 05:30:00,TRENT,2.620440969355544
2024-06-25 05:30:00,TRENT,2.5927832548200676
2024-06-26 05:30:00,TRENT,2.6049244815696184
2024-06-27 05:30:00,TRENT,2.5880238939342437
2024-06-28 05:30:00,TRENT,2.6612840561410334
2024-07-01 05:30:00,TRENT,2.6786702928463897
2024-07-02 05:30:00,TRENT,2.6885046865135256
2024-07-03 05:30:00,TRENT,2.668204555388277
2024-07-04 05:30:00,TRENT,2.71839638677092
2024-07-05 05:30:00,TRENT,2.7292992083920167
2024-07-08 05:30:00,TRENT,2.7168423097469776
2024-07-09 05:30:00,TRENT,2.716162401049003
2024-07-10 05:30:00,TRENT,2.7040940216599494
2024-07-11 05:30:00,TRENT,2.736753921616241
2024-07-12 05:30:00,TRENT,2.7445243067359533
2024-07-15 05:30:00,TRENT,2.756325579136517
2024-07-16 05:30:00,TRENT,2.7426059929095246
2024-07-18 05:30:00,TRENT,2.578068087999612
2024-07-19 05:30:00,TRENT,2.5090330727016665
2024-07-22 05:30:00,TRENT,2.530328784420378
2024-07-23 05:30:00,TRENT,2.556359574571415
2024-07-24 05:30:00,TRENT,2.5675537856345008
2024-07-25 05:30:00,TRENT,2.5787722791510856
2024-07-26 05:30:00,TRENT,2.619275411587587
2024-07-29 05:30:00,TRENT,2.679520178718858
2024-07-30 05:30:00,TRENT,2.729590597834006
2024-07-31 05:30:00,TRENT,2.83570491962508
2024-08-01 05:30:00,TRENT,2.8025836530523054
2024-08-02 05:30:00,TRENT,2.689645961827984
2024-08-05 05:30:00,TRENT,2.596717012286922
2024-08-06 05:30:00,TRENT,2.53542809965519
2024-08-07 05:30:00,TRENT,2.657690253023166
2024-08-08 05:30:00,TRENT,2.741051915885582
2024-08-09 05:30:00,TRENT,3.0476178913117393
2024-08-12 05:30:00,TRENT,3.0995823417998167
2024-08-13 05:30:00,TRENT,3.099266669904328
2024-08-14 05:30:00,TRENT,3.1267786897188103
2024-08-16 05:30:00,TRENT,3.157884512651159
2024-08-19 05:30:00,TRENT,3.2489437132727903
2024-08-20 05:30:00,TRENT,3.2994512165509216
2024-08-21 05:30:00,TRENT,3.2942547715021138
2024-08-22 05:30:00,TRENT,3.3945898693604017
2024-08-23 05:30:00,TRENT,3.3746539750376394
2024-08-26 05:30:00,TRENT,3.3634111990675555
2024-08-27 05:30:00,TRENT,3.336360545869556
2024-08-28 05:30:00,TRENT,3.517119129716869
2024-08-29 05:30:00,TRENT,3.4824195036666525
2024-08-30 05:30:00,TRENT,3.4766402797338665
2024-09-02 05:30:00,TRENT,3.4715166820455563
2024-09-03 05:30:00,TRENT,3.42032927006945
2024-09-04 05:30:00,TRENT,3.467485794764705
2024-09-05 05:30:00,TRENT,3.480962556456707
2024-09-06 05:30:00,TRENT,3.4498324510708587
2024-09-09 05:30:00,TRENT,3.465907435287264
2024-09-10 05:30:00,TRENT,3.4665387790782405
2024-09-11 05:30:00,TRENT,3.471832353941045
2024-09-12 05:30:00,TRENT,3.5017726191054375
2024-09-13 05:30:00,TRENT,3.51277257054053
2024-09-16 05:30:00,TRENT,3.5543684133844913
2024-09-17 05:30:00,TRENT,3.5954786071584697
2024-09-18 05:30:00,TRENT,3.562721577388182
2024-09-19 05:30:00,TRENT,3.5579379340488586
2024-09-20 05:30:00,TRENT,3.6254431547763613
2024-09-23 05:30:00,TRENT,3.7023214025545164
2024-09-24 05:30:00,TRENT,3.701301539507554
2024-09-25 05:30:00,TRENT,3.69816910300617
2024-09-26 05:30:00,TRENT,3.8101112136370285
2024-09-27 05:30:00,TRENT,3.8044291195182387
2024-09-30 05:30:00,TRENT,3.678621727939394
2024-10-01 05:30:00,TRENT,3.69710067505221
2024-10-03 05:30:00,TRENT,3.6364916711184523
2024-10-04 05:30:00,TRENT,3.571123306298871
2024-10-07 05:30:00,TRENT,3.6178427468311427
2024-10-08 05:30:00,TRENT,3.905565538341997
2024-10-09 05:30:00,TRENT,3.9924481569617827
2024-10-10 05:30:00,TRENT,3.8992035355252326
2024-10-11 05:30:00,TRENT,3.99929580884853
2024-10-14 05:30:00,TRENT,3.9783643339323045
2024-10-15 05:30:00,TRENT,3.945534456801519
2024-10-16 05:30:00,TRENT,3.7908795104657416
2024-10-17 05:30:00,TRENT,3.749040843086789
2024-10-18 05:30:00,TRENT,3.7725462580739197
2024-10-21 05:30:00,TRENT,3.6941139332718214
2024-10-22 05:30:00,TRENT,3.6410810548297836
2024-10-23 05:30:00,TRENT,3.6478558593560333
2024-10-24 05:30:00,TRENT,3.6365402360254517
2024-10-25 05:30:00,TRENT,3.5750813462192257
2024-10-28 05:30:00,TRENT,3.549050556068189
2024-10-29 05:30:00,TRENT,3.598805303287848
2024-10-30 05:30:00,TRENT,3.522145597591184
2024-10-31 05:30:00,TRENT,3.4618765480064146
2024-11-01 05:30:00,TRENT,3.471905201301543
2024-11-04 05:30:00,TRENT,3.430503618085575
2024-11-05 05:30:00,TRENT,3.3841726968092893
2024-11-06 05:30:00,TRENT,3.3779078238065208
2024-11-07 05:30:00,TRENT,3.159390024768106
2024-11-08 05:30:00,TRENT,3.059079209363317
2024-11-11 05:30:00,TRENT,3.147345927832551
2024-11-12 05:30:00,TRENT,3.1705842358311918
2024-11-13 05:30:00,TRENT,3.1558690690107363
2024-11-14 05:30:00,TRENT,3.1387499392938696
2024-11-18 05:30:00,TRENT,3.0603904618522684
2024-11-19 05:30:00,TRENT,3.1197367782040732
2024-11-21 05:30:00,TRENT,3.1375115341654154
2024-11-22 05:30:00,TRENT,3.2309261327764593
